{
	"class_name" : "PinholeCameraParameters",
	"extrinsic" : 
	[
		-0.68848272644252695,
		-0.56214288717437477,
		0.45824328668243769,
		0.0,
		-0.72088146287200272,
		0.59969298589855202,
		-0.34741652112644339,
		0.0,
		-0.07950755862046123,
		-0.56952936453122172,
		-0.81811664880924939,
		0.0,
		-0.23667767115672228,
		-0.77016148372184912,
		2.040981295341489,
		1.0
	],
	"intrinsic" : 
	{
		"height" : 720,
		"intrinsic_matrix" : 
		[
			623.53829072479584,
			0.0,
			0.0,
			0.0,
			623.53829072479584,
			0.0,
			639.5,
			359.5,
			1.0
		],
		"width" : 1280
	},
	"version_major" : 1,
	"version_minor" : 0
}