{
	"class_name" : "PinholeCameraParameters",
	"extrinsic" : 
	[
		-0.13070037874033996,
		-0.62683208038166915,
		0.76811389389954443,
		0.0,
		-0.9905386131931766,
		0.049865242527984993,
		-0.12785426610388806,
		0.0,
		0.041840969999155958,
		-0.77755707224101178,
		-0.62741878569063891,
		0.0,
		0.043750528046768683,
		-0.16406825931432745,
		2.6743511104121596,
		1.0
	],
	"intrinsic" : 
	{
		"height" : 720,
		"intrinsic_matrix" : 
		[
			623.53829072479584,
			0.0,
			0.0,
			0.0,
			623.53829072479584,
			0.0,
			639.5,
			359.5,
			1.0
		],
		"width" : 1280
	},
	"version_major" : 1,
	"version_minor" : 0
}