{
	"class_name" : "PinholeCameraParameters",
	"extrinsic" : 
	[
		-0.42047291816726773,
		-0.66980889470343363,
		0.61201190320455923,
		0.0,
		-0.90337716682509028,
		0.24636778979754914,
		-0.35101653324215887,
		0.0,
		0.084333976231262667,
		-0.70047052523745434,
		-0.70868104513002872,
		0.0,
		-0.1212508181091238,
		-0.46733814082180303,
		2.3862180802333568,
		1.0
	],
	"intrinsic" : 
	{
		"height" : 720,
		"intrinsic_matrix" : 
		[
			623.53829072479584,
			0.0,
			0.0,
			0.0,
			623.53829072479584,
			0.0,
			639.5,
			359.5,
			1.0
		],
		"width" : 1280
	},
	"version_major" : 1,
	"version_minor" : 0
}