{
	"class_name" : "PinholeCameraParameters",
	"extrinsic" : 
	[
		-0.42644899385165091,
		-0.52935674939208621,
		0.73343212877263486,
		0.0,
		-0.90449091824737071,
		0.24408459255798001,
		-0.34974117642026825,
		0.0,
		0.0061183699579968331,
		-0.81252947241860041,
		-0.58288800124913198,
		0.0,
		0.090765869381673719,
		-0.13897630892406154,
		1.2800986090710529,
		1.0
	],
	"intrinsic" : 
	{
		"height" : 720,
		"intrinsic_matrix" : 
		[
			623.53829072479584,
			0.0,
			0.0,
			0.0,
			623.53829072479584,
			0.0,
			639.5,
			359.5,
			1.0
		],
		"width" : 1280
	},
	"version_major" : 1,
	"version_minor" : 0
}