{
	"class_name" : "PinholeCameraParameters",
	"extrinsic" : 
	[
		-0.49201487784573422,
		-0.54024494554366809,
		0.6826834982574036,
		0.0,
		-0.86219632556984394,
		0.41098618255089769,
		-0.29615511801436056,
		0.0,
		-0.1205771792351559,
		-0.73431992793792489,
		-0.66800852335949579,
		0.0,
		0.17508244811313806,
		-0.0026218586665488486,
		1.5625906821011353,
		1.0
	],
	"intrinsic" : 
	{
		"height" : 720,
		"intrinsic_matrix" : 
		[
			623.53829072479584,
			0.0,
			0.0,
			0.0,
			623.53829072479584,
			0.0,
			639.5,
			359.5,
			1.0
		],
		"width" : 1280
	},
	"version_major" : 1,
	"version_minor" : 0
}