{
	"class_name" : "PinholeCameraParameters",
	"extrinsic" : 
	[
		-0.54855522666230372,
		-0.53101482199832073,
		0.64584086439273902,
		0.0,
		-0.83310930223749846,
		0.28170464912388671,
		-0.47599514828129963,
		0.0,
		0.070824104843034363,
		-0.79916565834630293,
		-0.59692394548476879,
		0.0,
		-0.043445236484745402,
		-0.14695161872560325,
		1.4833997943811363,
		1.0
	],
	"intrinsic" : 
	{
		"height" : 720,
		"intrinsic_matrix" : 
		[
			623.53829072479584,
			0.0,
			0.0,
			0.0,
			623.53829072479584,
			0.0,
			639.5,
			359.5,
			1.0
		],
		"width" : 1280
	},
	"version_major" : 1,
	"version_minor" : 0
}